URL	STATUS	PALAVRAS	TITLE	DESCRIPTION
https://drterciorocha.com/a-medicina-que-apenas-trata-esta-ficando-para-tras/	200	1456	A medicina que apenas trata está ficando para trás - Dr. Tércio Rocha	A Medicina Regenerativa parte de uma lógica completamente diferente. Ela não pergunta como tratar o que quebrou. Ela pergunta como devolver ao organismo a
https://drterciorocha.com/regeneracaomuscular/	200	1427	Da falta de coxa e panturrilha à depressão   - Dr. Tércio Rocha	Importância da massa muscular na coxa e panturrilha para aumentar sua longevidade. Clique e confira meu mais novo artigo.
https://drterciorocha.com	200	1246	Dr. Tércio Rocha - Dr. Tércio Rocha	Dr. Tércio Rocha é um profissional renomado com mais de 34 anos de experiência em Medicina. Sua trajetória é marcada por uma dedicação incansável na busca das
https://drterciorocha.com/celulas-tronco-e-regeneracao/	200	1245	As Células-tronco poderiam ter regenerado o Super homem?	Será que as CELULAS TRONCO poderiam promover a regeneração de Christopher Reeve? Confira meu artigo que acabou de publicar no site.
https://drterciorocha.com/cristiano-ronaldo-e-sua-verdadeira-fortuna/	200	1235	cristiano ronaldo e sua verdadeira fortuna	Conheça o grande segredo de Criatiano Ronaldo, que o faz ter vitalidade e ser um exemplo no esporte. É só clicar no link.
https://drterciorocha.com/o-futuro-da-medicina-e-das-celulas-tronco/	200	1206	O futuro da Medicina e das Células-tronco  - Dr. Tércio Rocha	Se você estiver vivo daqui a cinco anos, acredito que viverá facilmente entre 120 e 140 anos e a razão para isso é que todo o sistema médico moderno está
https://drterciorocha.com/infertilidade-masculina/	200	1205	Júnior, 37 anos. Infertilidade Masculina e Células-tronco - Dr. Tércio Rocha	A Infertilidade Masculina é um dos maiores dramas dos homens. E um aliado que temos para reverter essa situação são as Células Tronco.
https://drterciorocha.com/a-autofagia-e-as-celulas-tronco-uma-limpeza-geral-para-uma-limpeza-maior-ainda/	200	1177	A Autofagia e as Células-tronco: Uma limpeza geral, para uma limpeza maior ainda  - Dr. Tércio Rocha	- Eu sei que estava, mas veja, você já ouviu falar em Autofagia?
https://drterciorocha.com/regeneracao-intima-e-autoconfianca/	200	1159	Regeneração íntima e Autoconfiança - Dr. Tércio Rocha	- Eu tenho vergonha de ir para a cama com alguém, Doutor!
https://drterciorocha.com/full-face/	200	1156	Como as Células-tronco podem embelezar seu rosto, colo, pescoço, todo o seu corpo e a sua região íntima!	Como as Células-tronco podem embelezar seu rosto, colo, pescoço, todo o seu corpo e a sua região íntima, por meio do Full Face.
https://drterciorocha.com/sauna-alzheimer-e-as-celulas-tronco/	200	1146	Sauna, Alzheimer e as Células-tronco - Dr. Tércio Rocha	“Quantos pacientes com Alzheimer nós temos tido o privilégio de curar, meu Deus!”
https://drterciorocha.com/o-case-de-sucesso-da-fernanda-venturini/	200	1126	CONDROMALÁCIA – o case de sucesso da Fernanda Venturini, a atleta de ouro do Brasil!	- Então o senhor é o Doutor Tércio Rocha? Eu abro um sorriso de orelha a orelha: - E você é a Fernanda Venturini? Atleta de ouro do Brasil?
https://drterciorocha.com/acido-hialuronico-de-jeito-nenhum/	200	1121	Ácido hialurônico? De jeito nenhum! - Dr. Tércio Rocha	Olho no relógio, aguardando a minha mais nova paciente. “Está atrasada...” Atriz global, chegando de helicóptero, no topo da clínica.
https://drterciorocha.com/lady-gaga-e-tratamentos/	200	1114	Lady Gaga e Dona Gilda, o que elas tem em comum? - Dr. Tércio Rocha	Acredito que a maioria das pessoas neste planeta conhecem ou ao menos já ouviram falar da cantora Lady Gaga. Mas o que uma pessoa tão famosa pode ter em comum
https://drterciorocha.com/viajar-sim-mas-com-saude-e-vitalidade/	200	1107	Viajar sim, mas com saúde e vitalidade - Dr. Tércio Rocha	- Por isso nós estamos aqui, mãe. Para a senhora se tratar, antes de viajar.
https://drterciorocha.com/andropausa-e-sexualidade-ativa-como-continuar-sexualmente-ativo-e-feliz-na-vida-afetiva-apos-os-50/	200	1105	Andropausa e sexualidade ativa – como continuar sexualmente ativo e feliz na vida afetiva após os 50+ - Dr. Tércio Rocha	- Doutor Tércio, a minha esposa é a mulher mais linda do mundo e eu não sou capaz de satisfazer ela na cama. Eu me sinto um lixo como homem.
https://drterciorocha.com/longevidade-saudavel-o-novo-modo-de-envelhecer-na-academia-e-com-celulas-tronco/	200	1105	LONGEVIDADE SAUDÁVEL – o novo modo de envelhecer: na academia e com células-tronco! - Dr. Tércio Rocha	 - Eu tenho muita flacidez, Doutor Tércio, olha!
https://drterciorocha.com/as-celulas-tronco-e-o-conga-conga-conga/	200	1103	As Células-tronco e o Conga Conga Conga! 	A terapia com Células-tronco é o melhor tratamento para retardar e reverter os sinais de envelhecimento. Clique e confira!
https://drterciorocha.com/restaurando-uma-bacia-quebrada-sem-cirurgia/	200	1094	Restaurando uma bacia quebrada sem cirurgia – o caso da dona Maria e o quiroprata! - Dr. Tércio Rocha	 - Ai, Tércio, eu estou morrendo de dor...
https://drterciorocha.com/como-ficam-os-pacientes-renais-a-evolucao-dos-protocolos-de-celulas-tronco/	200	1077	Como ficam os pacientes renais? A evolução dos protocolos de Células-tronco - Dr. Tércio Rocha	- Doutor Tércio, como ficam os pacientes renais com insuficiência crônica, aqueles que sofrem uma perda lenta, progressiva e irreversível da função renal?
https://drterciorocha.com/sofia-34-anos-pele-de-instagram-e-full-face/	200	1060	Sofia, 34 anos | Pele de Instagram e Full Face - Dr. Tércio Rocha	- Eu quero a minha pele assim, olha, Doutor Tércio!
https://drterciorocha.com/vidasaudavel60anos/	200	1056	Sexo 60+ - Dr. Tércio Rocha	- Meu sonho é transar outra vez, Doutor!
https://drterciorocha.com/celulas-tronco-e-esclerose-multipla/	200	1054	A atriz Cláudia Rodrigues poderia tratar a Esclerose Múltipla com Células-tronco?	As Células-tronco podem significar um recomeço ao que a medicina tradicional trata como fim! Clique e saiba mais no artigo que preparei no blog.
https://drterciorocha.com/retonificacao-peniana/	200	1051	Impotência e a Retonificação peniana com Células Tronco! - Dr. Tércio Rocha	Sabia que é possível reverter a impotência e ter uma Retonificação peniana? Para isso, as Células Tronco são verdadeiras aliadas. Clique e saiba mais.
https://drterciorocha.com/medicinaregenerativaparahomens/	200	1042	Carlos, 47 anos | Uma fantasia perigosa à venda no Instagram - Dr. Tércio Rocha	- Eu quero aumentar meu dito cujo maior, Doutor Tércio!
https://drterciorocha.com/autoconhecimento-inclui-autocuidado/	200	1041	Autoconhecimento inclui autocuidado - Dr. Tércio Rocha	Quem imagina autoconhecimento como um curso de terapia ou psicologia específica, que dura um final de semana ou até mesmo alguns meses, como sendo o
https://drterciorocha.com/tratamento-da-alopecia/	200	1027	Alopecia nunca mais!	É o que desejam Jada Pinkett Smith, mulher do ator Will Smith e 5% das mulheres desse planeta!
https://drterciorocha.com/relacionamento-50/	200	1023	Relacionamento 50 + - Dr. Tércio Rocha	Os 50 são os novos 30!
https://drterciorocha.com/celulas-tronco-e-desarmonizacao-facial/	200	1022	Células-tronco e Desarmonização Facial - Dr. Tércio Rocha	- Pelo amor de Deus, Doutor Tércio, olha o que fizeram comigo!
https://drterciorocha.com/corpo-e-espiritualidade/	200	1017	Corpo e Espiritualidade - Dr. Tércio Rocha	Corpo e Espiritualidade, Corpo e Espiritualidade
https://drterciorocha.com/o-futuro-da-expectativa-de-vida-no-brasil-e-no-mundo/	200	1009	O futuro da expectativa de vida no Brasil e no mundo  - Dr. Tércio Rocha	Ainda assim, a expectativa de vida do ser humano está aumentando e vai aumentar ainda mais, de forma significativa.
https://drterciorocha.com/medicinacomfocoemlongevidade/	200	948	Lágrimas rolam em benefício da humanidade - Dr. Tércio Rocha	Dr. Tércio Rocha, Dr. Ricardo Chauvet e Dr. Sang Cha
https://drterciorocha.com/author/drterciorocha/	200	808	Tércio Rocha - Dr. Tércio Rocha	
https://drterciorocha.com/consulta-dr-tercio-rocha/	200	738	Consulta Dr. Tércio Rocha - Dr. Tércio Rocha	Preencha o formulário abaixo para ter mais informações sobre o tratamento.
https://drterciorocha.com/blog__dr_tercio_rocha_celulas_tronco/	200	691	Blog - Dr. Tércio Rocha	Copyright © 2024 II CONGRESSO LATINO AMERICANO DE MEDICINA REGENERATIVA. Todos os direitos reservados.
https://drterciorocha.com/blog__dr_tercio_rocha_celulas_tronco/2/	200	689	Blog - Dr. Tércio Rocha	Copyright © 2024 II CONGRESSO LATINO AMERICANO DE MEDICINA REGENERATIVA. Todos os direitos reservados.
https://drterciorocha.com/blog__dr_tercio_rocha_celulas_tronco/3/	200	651	Blog - Dr. Tércio Rocha	Copyright © 2024 II CONGRESSO LATINO AMERICANO DE MEDICINA REGENERATIVA. Todos os direitos reservados.
https://drterciorocha.com/category/medicina-com-foco-em-longevidade/	200	524	MEDICINA COM FOCO EM LONGEVIDADE - Dr. Tércio Rocha	Médico com mais de 35 anos de experiência. Fundador da Sociedade Brasileira de Medicina Estética. Membro da Société Française de Médecine Esthétique. Pioneiro na aplicação de terapias celulares e Medicina Regenerativa.
https://drterciorocha.com/category/medicinaregenerativa/	200	398	MEDICINA COM FOCO EM REGENERAÇÃO - Dr. Tércio Rocha	Médico com mais de 35 anos de experiência. Fundador da Sociedade Brasileira de Medicina Estética. Membro da Société Française de Médecine Esthétique. Pioneiro na aplicação de terapias celulares e Medicina Regenerativa.
https://drterciorocha.com/blog__dr_tercio_rocha_celulas_tronco/4/	200	302	Blog - Dr. Tércio Rocha	Copyright © 2024 II CONGRESSO LATINO AMERICANO DE MEDICINA REGENERATIVA. Todos os direitos reservados.
https://drterciorocha.com/pagina-exemplo/	200	239	Página de exemplo - Dr. Tércio Rocha	Esta é uma página de exemplo. É diferente de um post no blog porque ela permanecerá em um lugar e aparecerá na navegação do seu site na maioria dos temas.
https://drterciorocha.com/linknabio/	200	194	linknabio - Dr. Tércio Rocha	Regenera Brasil
https://drterciorocha.com/gerar-guia/	200	132	Guias de Atendimento - Dr. Tércio Rocha	Para que seja providenciada a Guia de Solicitação dos Exames, por gentileza, envie-me as seguintes informações:
https://drterciorocha.com/confirma-guia/	200	43	Confirmação Guia de Atendimento - Dr. Tércio Rocha	Seu atendimento continuará no WhatsApp.
https://drterciorocha.com/links/	200	41	Links - Dr. Tércio Rocha	CONGRESSOREGENERA BRASIL LIVRO PARTÍCULAS DIVINAS LIVRO VIDA NA VEIA! SITE e AGENDAMENTOS LINKEDIN YOUTUBE TIK TOK
https://drterciorocha.com/confirmacao-dr-tercio/	200	31	Confirmação Dr. Tércio - Dr. Tércio Rocha	Em breve você receberá o contato da minha equipe! Se desejar, toque no botão abaixo e fale com minha equipe.
https://drterciorocha.com/permita-se-longevitar-se/	500	6	Database Error	
https://drterciorocha.com/e-book-longevidade-dr-tercio/	500	6	Database Error	
https://drterciorocha.com/category/celulas-tronco/	500	6	Database Error	
https://drterciorocha.com/2025/12/19/	500	6	Database Error	
https://drterciorocha.com/category-sitemap.xml	200	1		
https://drterciorocha.com/sitemap_index.xml	200	1		
https://drterciorocha.com/page-sitemap.xml	200	1		
https://drterciorocha.com/post-sitemap.xml	200	1		
